{
  "name": "HSDS Codespace configuration",
  "dockerComposeFile": "docker-compose.yaml",
  "updateContentCommand": "python3 -m pip install -r requirements.txt",
  "postCreateCommand": "",
  "service": "app",
	"workspaceFolder": "/workspace",
	"forwardPorts": [5101],
	"portsAttributes": {
		"5101": {"label": "HSDS port", "onAutoForward": "silent"}
	},
  "features": {
    "ghcr.io/devcontainers/features/docker-outside-of-docker": {}
  },
  "customizations": {
    "codespaces": {
      "openFiles": []
    },
    "vscode": {
      "extensions": [
          "ms-python.python",
          "ms-toolsai.jupyter"
          ]
    },
    "runArgs": [ "--cap-add=SYS_PTRACE", "--security-opt", "seccomp=unconfined", "--privileged", "--init" ]

  }
}